Datetime,Open,High,Low,Close,Adj Close,Volume,Dividends,Stock Splits
2024-03-28 00:00:00+05:30,2.0199999809265137,2.059999942779541,2.0199999809265137,2.059999942779541,2.059999942779541,20323,0.0,0.0
2024-04-01 00:00:00+05:30,2.0999999046325684,2.0999999046325684,2.0,2.0999999046325684,2.0999999046325684,619,0.0,0.0
2024-04-02 00:00:00+05:30,2.200000047683716,2.200000047683716,2.0,2.1500000953674316,2.1500000953674316,1616,0.0,0.0
2024-04-03 00:00:00+05:30,2.190000057220459,2.190000057220459,2.049999952316284,2.1500000953674316,2.1500000953674316,2562,0.0,0.0
2024-04-04 00:00:00+05:30,2.1500000953674316,2.1500000953674316,2.0999999046325684,2.0999999046325684,2.0999999046325684,998,0.0,0.0
2024-04-05 00:00:00+05:30,2.1500000953674316,2.1500000953674316,2.0,2.1500000953674316,2.1500000953674316,11996,0.0,0.0
2024-04-08 00:00:00+05:30,2.200000047683716,2.200000047683716,2.140000104904175,2.140000104904175,2.140000104904175,39826,0.0,0.0
2024-04-09 00:00:00+05:30,2.240000009536743,2.240000009536743,2.0399999618530273,2.180000066757202,2.180000066757202,1771,0.0,0.0
2024-04-10 00:00:00+05:30,2.180000066757202,2.180000066757202,2.0799999237060547,2.0799999237060547,2.0799999237060547,5406,0.0,0.0
2024-04-12 00:00:00+05:30,2.109999895095825,2.180000066757202,2.109999895095825,2.130000114440918,2.130000114440918,396,0.0,0.0
2024-04-15 00:00:00+05:30,2.1500000953674316,2.1500000953674316,2.059999942779541,2.0999999046325684,2.0999999046325684,6472,0.0,0.0
2024-04-16 00:00:00+05:30,2.069999933242798,2.069999933242798,2.0,2.0,2.0,36303,0.0,0.0
2024-04-18 00:00:00+05:30,2.0999999046325684,2.0999999046325684,2.0,2.0,2.0,3179,0.0,0.0
2024-04-19 00:00:00+05:30,2.0999999046325684,2.0999999046325684,1.899999976158142,2.0,2.0,3464,0.0,0.0
2024-04-22 00:00:00+05:30,2.0,2.0999999046325684,1.899999976158142,2.0,2.0,12135,0.0,0.0
2024-04-23 00:00:00+05:30,2.0,2.0,1.899999976158142,2.0,2.0,1710,0.0,0.0
2024-04-24 00:00:00+05:30,2.0,2.0,1.899999976158142,2.0,2.0,36986,0.0,0.0
2024-04-25 00:00:00+05:30,2.0999999046325684,2.0999999046325684,1.899999976158142,2.0,2.0,86783,0.0,0.0
2024-04-26 00:00:00+05:30,2.0,2.0,2.0,2.0,2.0,0,0.0,0.0
2024-04-29 00:00:00+05:30,1.9600000381469727,2.0999999046325684,1.9299999475479126,1.9299999475479126,1.9299999475479126,16929,0.0,0.0
2024-04-30 00:00:00+05:30,1.9800000190734863,2.0,1.9500000476837158,2.0,2.0,7271,0.0,0.0
2024-05-02 00:00:00+05:30,2.0199999809265137,2.0199999809265137,1.899999976158142,1.9900000095367432,1.9900000095367432,4384,0.0,0.0
2024-05-03 00:00:00+05:30,1.909999966621399,2.0799999237060547,1.909999966621399,2.0399999618530273,2.0399999618530273,66614,0.0,0.0
2024-05-06 00:00:00+05:30,2.119999885559082,2.119999885559082,1.9500000476837158,1.9500000476837158,1.9500000476837158,2238,0.0,0.0
2024-05-07 00:00:00+05:30,2.0299999713897705,2.0299999713897705,1.899999976158142,2.0,2.0,6122,0.0,0.0
2024-05-08 00:00:00+05:30,2.0,2.0,1.9299999475479126,1.9900000095367432,1.9900000095367432,51674,0.0,0.0
2024-05-09 00:00:00+05:30,1.899999976158142,2.0799999237060547,1.899999976158142,2.0799999237060547,2.0799999237060547,8926,0.0,0.0
2024-05-10 00:00:00+05:30,2.0799999237060547,2.0799999237060547,2.069999933242798,2.0799999237060547,2.0799999237060547,38,0.0,0.0
2024-05-13 00:00:00+05:30,2.180000066757202,2.180000066757202,1.9800000190734863,2.1700000762939453,2.1700000762939453,406,0.0,0.0
2024-05-14 00:00:00+05:30,2.180000066757202,2.180000066757202,2.069999933242798,2.180000066757202,2.180000066757202,414,0.0,0.0
2024-05-15 00:00:00+05:30,2.180000066757202,2.180000066757202,2.0899999141693115,2.140000104904175,2.140000104904175,83,0.0,0.0
2024-05-16 00:00:00+05:30,2.180000066757202,2.180000066757202,2.0399999618530273,2.0999999046325684,2.0999999046325684,19235,0.0,0.0
2024-05-17 00:00:00+05:30,2.009999990463257,2.190000057220459,2.0,2.0999999046325684,2.0999999046325684,15150,0.0,0.0
2024-05-21 00:00:00+05:30,2.180000066757202,2.180000066757202,1.9900000095367432,2.1700000762939453,2.1700000762939453,9459,0.0,0.0
2024-05-22 00:00:00+05:30,2.0799999237060547,2.1600000858306885,2.0799999237060547,2.1600000858306885,2.1600000858306885,231,0.0,0.0
2024-05-23 00:00:00+05:30,2.059999942779541,2.25,2.059999942779541,2.059999942779541,2.059999942779541,4720,0.0,0.0
2024-05-24 00:00:00+05:30,2.0,2.1500000953674316,1.9700000286102295,2.1500000953674316,2.1500000953674316,11579,0.0,0.0
2024-05-27 00:00:00+05:30,2.1500000953674316,2.1500000953674316,2.059999942779541,2.140000104904175,2.140000104904175,3795,0.0,0.0
2024-05-28 00:00:00+05:30,2.0399999618530273,2.180000066757202,2.0399999618530273,2.1600000858306885,2.1600000858306885,10310,0.0,0.0
2024-05-29 00:00:00+05:30,2.1600000858306885,2.1600000858306885,2.059999942779541,2.119999885559082,2.119999885559082,11782,0.0,0.0
2024-05-30 00:00:00+05:30,2.119999885559082,2.119999885559082,2.069999933242798,2.119999885559082,2.119999885559082,416,0.0,0.0
2024-05-31 00:00:00+05:30,2.119999885559082,2.119999885559082,2.0199999809265137,2.119999885559082,2.119999885559082,1378,0.0,0.0
2024-06-03 00:00:00+05:30,2.119999885559082,2.119999885559082,2.0199999809265137,2.0199999809265137,2.0199999809265137,3094,0.0,0.0
2024-06-04 00:00:00+05:30,2.119999885559082,2.119999885559082,1.9199999570846558,1.9199999570846558,1.9199999570846558,8444,0.0,0.0
2024-06-05 00:00:00+05:30,1.9600000381469727,1.9600000381469727,1.899999976158142,1.9600000381469727,1.9600000381469727,3215,0.0,0.0
2024-06-06 00:00:00+05:30,1.9600000381469727,2.049999952316284,1.9600000381469727,1.9700000286102295,1.9700000286102295,18394,0.0,0.0
2024-06-07 00:00:00+05:30,1.9500000476837158,2.059999942779541,1.9500000476837158,2.059999942779541,2.059999942779541,52483,0.0,0.0
2024-06-10 00:00:00+05:30,2.1600000858306885,2.1600000858306885,2.109999895095825,2.1600000858306885,2.1600000858306885,20331,0.0,0.0
2024-06-11 00:00:00+05:30,2.200000047683716,2.200000047683716,2.069999933242798,2.140000104904175,2.140000104904175,1946,0.0,0.0
2024-06-12 00:00:00+05:30,2.200000047683716,2.200000047683716,2.0399999618530273,2.0999999046325684,2.0999999046325684,1848,0.0,0.0
2024-06-13 00:00:00+05:30,2.0399999618530273,2.0399999618530273,2.009999990463257,2.0399999618530273,2.0399999618530273,1099,0.0,0.0
2024-06-14 00:00:00+05:30,2.0399999618530273,2.140000104904175,2.0,2.140000104904175,2.140000104904175,3835,0.0,0.0
2024-06-18 00:00:00+05:30,2.180000066757202,2.180000066757202,2.0399999618530273,2.1500000953674316,2.1500000953674316,13313,0.0,0.0
2024-06-19 00:00:00+05:30,2.25,2.25,2.059999942779541,2.25,2.25,16775,0.0,0.0
2024-06-20 00:00:00+05:30,2.25,2.359999895095825,2.200000047683716,2.25,2.25,16947,0.0,0.0
2024-06-21 00:00:00+05:30,2.200000047683716,2.359999895095825,2.1500000953674316,2.319999933242798,2.319999933242798,14413,0.0,0.0
2024-06-24 00:00:00+05:30,2.3499999046325684,2.4000000953674316,2.2100000381469727,2.2100000381469727,2.2100000381469727,17371,0.0,0.0
2024-06-25 00:00:00+05:30,2.319999933242798,2.319999933242798,2.0999999046325684,2.319999933242798,2.319999933242798,14900,0.0,0.0
2024-06-26 00:00:00+05:30,2.319999933242798,2.430000066757202,2.2300000190734863,2.4200000762939453,2.4200000762939453,20550,0.0,0.0
2024-06-27 00:00:00+05:30,2.430000066757202,2.5299999713897705,2.299999952316284,2.450000047683716,2.450000047683716,41007,0.0,0.0
2024-06-28 00:00:00+05:30,2.490000009536743,2.490000009536743,2.3299999237060547,2.490000009536743,2.490000009536743,12217,0.0,0.0
2024-07-01 00:00:00+05:30,2.5999999046325684,2.609999895095825,2.369999885559082,2.4000000953674316,2.4000000953674316,12751,0.0,0.0
2024-07-02 00:00:00+05:30,2.509999990463257,2.509999990463257,2.309999942779541,2.4600000381469727,2.4600000381469727,9329,0.0,0.0
2024-07-03 00:00:00+05:30,2.509999990463257,2.5799999237060547,2.3399999141693115,2.4600000381469727,2.4600000381469727,15647,0.0,0.0
2024-07-04 00:00:00+05:30,2.4600000381469727,2.5,2.3399999141693115,2.359999895095825,2.359999895095825,9746,0.0,0.0
2024-07-05 00:00:00+05:30,2.4100000858306885,2.4700000286102295,2.259999990463257,2.390000104904175,2.390000104904175,16667,0.0,0.0
2024-07-08 00:00:00+05:30,2.450000047683716,2.5,2.2899999618530273,2.2899999618530273,2.2899999618530273,7658,0.0,0.0
2024-07-09 00:00:00+05:30,2.2899999618530273,2.4000000953674316,2.200000047683716,2.259999990463257,2.259999990463257,3641,0.0,0.0
2024-07-10 00:00:00+05:30,2.369999885559082,2.369999885559082,2.3499999046325684,2.369999885559082,2.369999885559082,14128,0.0,0.0
2024-07-11 00:00:00+05:30,2.369999885559082,2.4800000190734863,2.259999990463257,2.259999990463257,2.259999990463257,7525,0.0,0.0
2024-07-12 00:00:00+05:30,2.1700000762939453,2.369999885559082,2.1700000762939453,2.2100000381469727,2.2100000381469727,3090,0.0,0.0
2024-07-15 00:00:00+05:30,2.2100000381469727,2.319999933242798,2.2100000381469727,2.309999942779541,2.309999942779541,1709,0.0,0.0
2024-07-16 00:00:00+05:30,2.369999885559082,2.369999885559082,2.200000047683716,2.25,2.25,863,0.0,0.0
2024-07-18 00:00:00+05:30,2.299999952316284,2.299999952316284,2.25,2.299999952316284,2.299999952316284,13145,0.0,0.0
2024-07-19 00:00:00+05:30,2.3499999046325684,2.3499999046325684,2.190000057220459,2.190000057220459,2.190000057220459,2516,0.0,0.0
2024-07-22 00:00:00+05:30,2.190000057220459,2.2899999618530273,2.190000057220459,2.2899999618530273,2.2899999618530273,3565,0.0,0.0
2024-07-23 00:00:00+05:30,2.2899999618530273,2.2899999618530273,2.180000066757202,2.180000066757202,2.180000066757202,50973,0.0,0.0
2024-07-24 00:00:00+05:30,2.140000104904175,2.2799999713897705,2.0999999046325684,2.2799999713897705,2.2799999713897705,10693,0.0,0.0
2024-07-25 00:00:00+05:30,2.3499999046325684,2.3499999046325684,2.25,2.25,2.25,21203,0.0,0.0
2024-07-26 00:00:00+05:30,2.319999933242798,2.319999933242798,2.140000104904175,2.2699999809265137,2.2699999809265137,5950,0.0,0.0
2024-07-29 00:00:00+05:30,2.3399999141693115,2.3499999046325684,2.1600000858306885,2.180000066757202,2.180000066757202,20486,0.0,0.0
2024-07-30 00:00:00+05:30,2.259999990463257,2.2699999809265137,2.180000066757202,2.2699999809265137,2.2699999809265137,4871,0.0,0.0
2024-07-31 00:00:00+05:30,2.2699999809265137,2.380000114440918,2.180000066757202,2.190000057220459,2.190000057220459,37335,0.0,0.0
2024-08-01 00:00:00+05:30,2.1500000953674316,2.2899999618530273,2.1500000953674316,2.2899999618530273,2.2899999618530273,6070,0.0,0.0
2024-08-02 00:00:00+05:30,2.2899999618530273,2.380000114440918,2.200000047683716,2.240000009536743,2.240000009536743,3423,0.0,0.0
2024-08-05 00:00:00+05:30,2.200000047683716,2.3499999046325684,2.130000114440918,2.3499999046325684,2.3499999046325684,151384,0.0,0.0
2024-08-06 00:00:00+05:30,2.4000000953674316,2.4600000381469727,2.25,2.259999990463257,2.259999990463257,23644,0.0,0.0
2024-08-07 00:00:00+05:30,2.359999895095825,2.359999895095825,2.1500000953674316,2.3299999237060547,2.3299999237060547,3527,0.0,0.0
2024-08-08 00:00:00+05:30,2.4000000953674316,2.4000000953674316,2.3299999237060547,2.4000000953674316,2.4000000953674316,3406,0.0,0.0
2024-08-09 00:00:00+05:30,2.5,2.5,2.2899999618530273,2.4200000762939453,2.4200000762939453,3126,0.0,0.0
2024-08-12 00:00:00+05:30,2.369999885559082,2.4200000762939453,2.299999952316284,2.4200000762939453,2.4200000762939453,16467,0.0,0.0
2024-08-13 00:00:00+05:30,2.4200000762939453,2.5399999618530273,2.299999952316284,2.5,2.5,24457,0.0,0.0
2024-08-14 00:00:00+05:30,2.5,2.5,2.380000114440918,2.490000009536743,2.490000009536743,88264,0.0,0.0
2024-08-16 00:00:00+05:30,2.490000009536743,2.5399999618530273,2.369999885559082,2.5399999618530273,2.5399999618530273,21632,0.0,0.0
2024-08-19 00:00:00+05:30,2.6500000953674316,2.6500000953674316,2.4200000762939453,2.5199999809265137,2.5199999809265137,18225,0.0,0.0
2024-08-20 00:00:00+05:30,2.569999933242798,2.569999933242798,2.4000000953674316,2.5,2.5,7471,0.0,0.0
2024-08-21 00:00:00+05:30,2.5,2.5,2.380000114440918,2.4800000190734863,2.4800000190734863,23934,0.0,0.0
2024-08-22 00:00:00+05:30,2.4800000190734863,2.5,2.369999885559082,2.4800000190734863,2.4800000190734863,4076,0.0,0.0
2024-08-23 00:00:00+05:30,2.5899999141693115,2.5999999046325684,2.5299999713897705,2.5999999046325684,2.5999999046325684,96413,0.0,0.0
2024-08-26 00:00:00+05:30,2.7300000190734863,2.7300000190734863,2.4700000286102295,2.4700000286102295,2.4700000286102295,22935,0.0,0.0
2024-08-27 00:00:00+05:30,2.5199999809265137,2.5399999618530273,2.3499999046325684,2.5,2.5,67595,0.0,0.0
2024-08-28 00:00:00+05:30,2.5199999809265137,2.5199999809265137,2.380000114440918,2.4800000190734863,2.4800000190734863,25594,0.0,0.0
2024-08-29 00:00:00+05:30,2.559999942779541,2.559999942779541,2.359999895095825,2.4200000762939453,2.4200000762939453,30904,0.0,0.0
2024-08-30 00:00:00+05:30,2.4200000762939453,2.5,2.4200000762939453,2.490000009536743,2.490000009536743,25099,0.0,0.0
2024-09-02 00:00:00+05:30,2.5999999046325684,2.5999999046325684,2.4000000953674316,2.490000009536743,2.490000009536743,31258,0.0,0.0
2024-09-03 00:00:00+05:30,2.490000009536743,2.549999952316284,2.369999885559082,2.369999885559082,2.369999885559082,236712,0.0,0.0
2024-09-04 00:00:00+05:30,2.369999885559082,2.450000047683716,2.2699999809265137,2.430000066757202,2.430000066757202,17635,0.0,0.0
2024-09-05 00:00:00+05:30,2.5299999713897705,2.5299999713897705,2.3499999046325684,2.450000047683716,2.450000047683716,10339,0.0,0.0
2024-09-06 00:00:00+05:30,2.390000104904175,2.5,2.3299999237060547,2.4800000190734863,2.4800000190734863,16035,0.0,0.0
2024-09-09 00:00:00+05:30,2.5299999713897705,2.5299999713897705,2.359999895095825,2.430000066757202,2.430000066757202,5952,0.0,0.0
2024-09-10 00:00:00+05:30,2.490000009536743,2.490000009536743,2.309999942779541,2.430000066757202,2.430000066757202,6681,0.0,0.0
2024-09-11 00:00:00+05:30,2.5,2.5,2.309999942779541,2.4000000953674316,2.4000000953674316,8220,0.0,0.0
2024-09-12 00:00:00+05:30,2.5,2.5,2.2799999713897705,2.4000000953674316,2.4000000953674316,932,0.0,0.0
2024-09-13 00:00:00+05:30,2.2799999713897705,2.490000009536743,2.2799999713897705,2.4000000953674316,2.4000000953674316,2824,0.0,0.0
2024-09-16 00:00:00+05:30,2.450000047683716,2.450000047683716,2.2799999713897705,2.380000114440918,2.380000114440918,5514,0.0,0.0
2024-09-17 00:00:00+05:30,2.4700000286102295,2.490000009536743,2.2699999809265137,2.430000066757202,2.430000066757202,122887,0.0,0.0
2024-09-18 00:00:00+05:30,2.309999942779541,2.5,2.309999942779541,2.450000047683716,2.450000047683716,4539,0.0,0.0
2024-09-19 00:00:00+05:30,2.5,2.5399999618530273,2.3299999237060547,2.4800000190734863,2.4800000190734863,9858,0.0,0.0
2024-09-20 00:00:00+05:30,2.5299999713897705,2.5299999713897705,2.359999895095825,2.4800000190734863,2.4800000190734863,3405,0.0,0.0
2024-09-23 00:00:00+05:30,2.359999895095825,2.549999952316284,2.359999895095825,2.4700000286102295,2.4700000286102295,13764,0.0,0.0
2024-09-24 00:00:00+05:30,2.4200000762939453,2.4800000190734863,2.3499999046325684,2.4700000286102295,2.4700000286102295,20717,0.0,0.0
2024-09-25 00:00:00+05:30,2.3499999046325684,2.5,2.3499999046325684,2.3499999046325684,2.3499999046325684,29701,0.0,0.0
2024-09-26 00:00:00+05:30,2.430000066757202,2.4600000381469727,2.240000009536743,2.430000066757202,2.430000066757202,11960,0.0,0.0
2024-09-27 00:00:00+05:30,2.380000114440918,2.5,2.380000114440918,2.440000057220459,2.440000057220459,30476,0.0,0.0
2024-09-30 00:00:00+05:30,2.450000047683716,2.450000047683716,2.319999933242798,2.319999933242798,2.319999933242798,18106,0.0,0.0
2024-10-01 00:00:00+05:30,2.430000066757202,2.430000066757202,2.2100000381469727,2.380000114440918,2.380000114440918,24300,0.0,0.0
2024-10-03 00:00:00+05:30,2.4700000286102295,2.4700000286102295,2.2699999809265137,2.390000104904175,2.390000104904175,7915,0.0,0.0
2024-10-04 00:00:00+05:30,2.5,2.5,2.2799999713897705,2.4200000762939453,2.4200000762939453,10399,0.0,0.0
2024-10-07 00:00:00+05:30,2.5,2.5,2.299999952316284,2.309999942779541,2.309999942779541,24278,0.0,0.0
2024-10-08 00:00:00+05:30,2.369999885559082,2.369999885559082,2.200000047683716,2.3399999141693115,2.3399999141693115,4378,0.0,0.0
2024-10-09 00:00:00+05:30,2.390000104904175,2.390000104904175,2.2300000190734863,2.309999942779541,2.309999942779541,5400,0.0,0.0
2024-10-10 00:00:00+05:30,2.299999952316284,2.4200000762939453,2.200000047683716,2.4100000858306885,2.4100000858306885,27523,0.0,0.0
2024-10-11 00:00:00+05:30,2.5,2.5,2.4000000953674316,2.430000066757202,2.430000066757202,39561,0.0,0.0
2024-10-14 00:00:00+05:30,2.4800000190734863,2.4800000190734863,2.309999942779541,2.4000000953674316,2.4000000953674316,8876,0.0,0.0
2024-10-15 00:00:00+05:30,2.4000000953674316,2.450000047683716,2.2799999713897705,2.4200000762939453,2.4200000762939453,8115,0.0,0.0
2024-10-16 00:00:00+05:30,2.450000047683716,2.450000047683716,2.299999952316284,2.4100000858306885,2.4100000858306885,9545,0.0,0.0
2024-10-17 00:00:00+05:30,2.2899999618530273,2.4000000953674316,2.2899999618530273,2.2899999618530273,2.2899999618530273,8597,0.0,0.0
2024-10-18 00:00:00+05:30,2.4000000953674316,2.4000000953674316,2.180000066757202,2.2799999713897705,2.2799999713897705,23405,0.0,0.0
2024-10-21 00:00:00+05:30,2.3499999046325684,2.390000104904175,2.1700000762939453,2.1700000762939453,2.1700000762939453,21454,0.0,0.0
2024-10-22 00:00:00+05:30,2.1700000762939453,2.25,2.0799999237060547,2.109999895095825,2.109999895095825,8613,0.0,0.0
2024-10-23 00:00:00+05:30,2.200000047683716,2.2100000381469727,2.009999990463257,2.0299999713897705,2.0299999713897705,10453,0.0,0.0
2024-10-24 00:00:00+05:30,2.069999933242798,2.130000114440918,2.0299999713897705,2.0299999713897705,2.0299999713897705,3011,0.0,0.0
2024-10-25 00:00:00+05:30,2.130000114440918,2.130000114440918,2.130000114440918,2.130000114440918,2.130000114440918,19762,0.0,0.0
2024-10-28 00:00:00+05:30,2.0899999141693115,2.2200000286102295,2.0899999141693115,2.130000114440918,2.130000114440918,10451,0.0,0.0
2024-10-29 00:00:00+05:30,2.0399999618530273,2.059999942779541,2.0299999713897705,2.059999942779541,2.059999942779541,408,0.0,0.0
2024-10-30 00:00:00+05:30,2.1600000858306885,2.1600000858306885,2.059999942779541,2.1600000858306885,2.1600000858306885,354,0.0,0.0
2024-10-31 00:00:00+05:30,2.259999990463257,2.259999990463257,2.259999990463257,2.259999990463257,2.259999990463257,6938,0.0,0.0
2024-11-01 00:00:00+05:30,2.369999885559082,2.369999885559082,2.369999885559082,2.369999885559082,2.369999885559082,46495,0.0,0.0
2024-11-04 00:00:00+05:30,2.4800000190734863,2.4800000190734863,2.4800000190734863,2.4800000190734863,2.4800000190734863,197609,0.0,0.0
2024-11-05 00:00:00+05:30,2.5999999046325684,2.5999999046325684,2.5999999046325684,2.5999999046325684,2.5999999046325684,155887,0.0,0.0
2024-11-06 00:00:00+05:30,2.7300000190734863,2.7300000190734863,2.7300000190734863,2.7300000190734863,2.7300000190734863,719706,0.0,0.0
2024-11-07 00:00:00+05:30,2.859999895095825,2.859999895095825,2.859999895095825,2.859999895095825,2.859999895095825,180197,0.0,0.0
2024-11-08 00:00:00+05:30,3.0,3.0,3.0,3.0,3.0,156724,0.0,0.0
2024-11-11 00:00:00+05:30,3.1500000953674316,3.1500000953674316,3.1500000953674316,3.1500000953674316,3.1500000953674316,172247,0.0,0.0
2024-11-12 00:00:00+05:30,3.299999952316284,3.299999952316284,3.299999952316284,3.299999952316284,3.299999952316284,168186,0.0,0.0
2024-11-13 00:00:00+05:30,3.4600000381469727,3.4600000381469727,3.140000104904175,3.4600000381469727,3.4600000381469727,1923762,0.0,0.0
2024-11-14 00:00:00+05:30,3.630000114440918,3.630000114440918,3.630000114440918,3.630000114440918,3.630000114440918,486737,0.0,0.0
2024-11-18 00:00:00+05:30,3.809999942779541,3.809999942779541,3.630000114440918,3.809999942779541,3.809999942779541,1027466,0.0,0.0
2024-11-19 00:00:00+05:30,3.9800000190734863,4.0,3.619999885559082,3.8499999046325684,3.8499999046325684,701190,0.0,0.0
2024-11-21 00:00:00+05:30,3.75,4.039999961853027,3.6600000858306885,4.010000228881836,4.010000228881836,329616,0.0,0.0
2024-11-22 00:00:00+05:30,4.190000057220459,4.210000038146973,3.809999942779541,4.210000038146973,4.210000038146973,522003,0.0,0.0
2024-11-25 00:00:00+05:30,4.309999942779541,4.420000076293945,4.309999942779541,4.420000076293945,4.420000076293945,155722,0.0,0.0
2024-11-26 00:00:00+05:30,4.639999866485596,4.639999866485596,4.53000020980835,4.639999866485596,4.639999866485596,245639,0.0,0.0
2024-11-27 00:00:00+05:30,4.869999885559082,4.869999885559082,4.409999847412109,4.869999885559082,4.869999885559082,334056,0.0,0.0
2024-11-28 00:00:00+05:30,5.090000152587891,5.110000133514404,4.630000114440918,4.820000171661377,4.820000171661377,331227,0.0,0.0
2024-11-29 00:00:00+05:30,5.059999942779541,5.059999942779541,4.579999923706055,4.699999809265137,4.699999809265137,183473,0.0,0.0
2024-12-02 00:00:00+05:30,4.46999979019165,4.46999979019165,4.46999979019165,4.46999979019165,4.46999979019165,10763,0.0,0.0
2024-12-03 00:00:00+05:30,4.25,4.25,4.25,4.25,4.25,29754,0.0,0.0
2024-12-04 00:00:00+05:30,4.039999961853027,4.039999961853027,4.039999961853027,4.039999961853027,4.039999961853027,17052,0.0,0.0
2024-12-05 00:00:00+05:30,3.8399999141693115,3.8399999141693115,3.8399999141693115,3.8399999141693115,3.8399999141693115,27610,0.0,0.0
2024-12-06 00:00:00+05:30,3.6500000953674316,3.6500000953674316,3.6500000953674316,3.6500000953674316,3.6500000953674316,21024,0.0,0.0
2024-12-09 00:00:00+05:30,3.4700000286102295,3.75,3.4700000286102295,3.4700000286102295,3.4700000286102295,1276583,0.0,0.0
2024-12-10 00:00:00+05:30,3.299999952316284,3.299999952316284,3.299999952316284,3.299999952316284,3.299999952316284,48324,0.0,0.0
2024-12-11 00:00:00+05:30,3.140000104904175,3.140000104904175,3.140000104904175,3.140000104904175,3.140000104904175,61892,0.0,0.0
2024-12-12 00:00:00+05:30,2.990000009536743,2.990000009536743,2.990000009536743,2.990000009536743,2.990000009536743,60280,0.0,0.0
2024-12-13 00:00:00+05:30,2.8499999046325684,3.130000114440918,2.8499999046325684,3.130000114440918,3.130000114440918,433403,0.0,0.0
2024-12-16 00:00:00+05:30,3.2799999713897705,3.2799999713897705,2.9800000190734863,3.200000047683716,3.200000047683716,170561,0.0,0.0
2024-12-17 00:00:00+05:30,3.3399999141693115,3.3499999046325684,3.049999952316284,3.109999895095825,3.109999895095825,145456,0.0,0.0
2024-12-18 00:00:00+05:30,3.25,3.259999990463257,2.9700000286102295,3.259999990463257,3.259999990463257,231904,0.0,0.0
2024-12-19 00:00:00+05:30,3.4100000858306885,3.4200000762939453,3.0999999046325684,3.4200000762939453,3.4200000762939453,216912,0.0,0.0
2024-12-20 00:00:00+05:30,3.5899999141693115,3.5899999141693115,3.25,3.559999942779541,3.559999942779541,227608,0.0,0.0
2024-12-23 00:00:00+05:30,3.390000104904175,3.7300000190734863,3.390000104904175,3.5199999809265137,3.5199999809265137,122728,0.0,0.0
2024-12-24 00:00:00+05:30,3.5199999809265137,3.680000066757202,3.3499999046325684,3.369999885559082,3.369999885559082,135261,0.0,0.0
2024-12-26 00:00:00+05:30,3.5299999713897705,3.5299999713897705,3.2100000381469727,3.3399999141693115,3.3399999141693115,54970,0.0,0.0
2024-12-27 00:00:00+05:30,3.3499999046325684,3.450000047683716,3.190000057220459,3.440000057220459,3.440000057220459,37466,0.0,0.0
2024-12-30 00:00:00+05:30,3.5899999141693115,3.609999895095825,3.2799999713897705,3.299999952316284,3.299999952316284,86228,0.0,0.0
2024-12-31 00:00:00+05:30,3.369999885559082,3.4600000381469727,3.369999885559082,3.390000104904175,3.390000104904175,27378,0.0,0.0
2025-01-01 00:00:00+05:30,3.390000104904175,3.5,3.2300000190734863,3.4100000858306885,3.4100000858306885,27736,0.0,0.0
2025-01-02 00:00:00+05:30,3.3399999141693115,3.5799999237060547,3.25,3.559999942779541,3.559999942779541,42114,0.0,0.0
2025-01-03 00:00:00+05:30,3.559999942779541,3.619999885559082,3.390000104904175,3.5799999237060547,3.5799999237060547,64151,0.0,0.0
2025-01-06 00:00:00+05:30,3.6500000953674316,3.6500000953674316,3.4100000858306885,3.4100000858306885,3.4100000858306885,10807,0.0,0.0
2025-01-07 00:00:00+05:30,3.240000009536743,3.4600000381469727,3.240000009536743,3.369999885559082,3.369999885559082,59260,0.0,0.0
2025-01-08 00:00:00+05:30,3.299999952316284,3.309999942779541,3.2100000381469727,3.2100000381469727,3.2100000381469727,34752,0.0,0.0
2025-01-09 00:00:00+05:30,3.369999885559082,3.369999885559082,3.049999952316284,3.2100000381469727,3.2100000381469727,24079,0.0,0.0
2025-01-10 00:00:00+05:30,3.369999885559082,3.369999885559082,3.049999952316284,3.299999952316284,3.299999952316284,23344,0.0,0.0
2025-01-13 00:00:00+05:30,3.2899999618530273,3.2899999618530273,3.140000104904175,3.140000104904175,3.140000104904175,16714,0.0,0.0
2025-01-14 00:00:00+05:30,3.0799999237060547,3.190000057220459,2.990000009536743,3.1500000953674316,3.1500000953674316,31192,0.0,0.0
2025-01-15 00:00:00+05:30,3.1500000953674316,3.1500000953674316,3.0,3.0,3.0,9745,0.0,0.0
2025-01-16 00:00:00+05:30,2.8499999046325684,3.1500000953674316,2.8499999046325684,2.8499999046325684,2.8499999046325684,72504,0.0,0.0
2025-01-17 00:00:00+05:30,2.990000009536743,2.990000009536743,2.75,2.869999885559082,2.869999885559082,7200,0.0,0.0
2025-01-20 00:00:00+05:30,2.869999885559082,3.009999990463257,2.7300000190734863,2.75,2.75,23541,0.0,0.0
2025-01-21 00:00:00+05:30,2.640000104904175,2.869999885559082,2.619999885559082,2.619999885559082,2.619999885559082,63697,0.0,0.0
2025-01-22 00:00:00+05:30,2.619999885559082,2.75,2.5,2.6500000953674316,2.6500000953674316,24179,0.0,0.0
2025-01-23 00:00:00+05:30,2.7799999713897705,2.7799999713897705,2.5199999809265137,2.5199999809265137,2.5199999809265137,109175,0.0,0.0
2025-01-24 00:00:00+05:30,2.640000104904175,2.640000104904175,2.4000000953674316,2.640000104904175,2.640000104904175,37653,0.0,0.0
2025-01-27 00:00:00+05:30,2.5899999141693115,2.75,2.509999990463257,2.549999952316284,2.549999952316284,256907,0.0,0.0
2025-01-28 00:00:00+05:30,2.6700000762939453,2.6700000762939453,2.430000066757202,2.5899999141693115,2.5899999141693115,95448,0.0,0.0
2025-01-29 00:00:00+05:30,2.5,2.7100000381469727,2.5,2.7100000381469727,2.7100000381469727,12605,0.0,0.0
2025-01-30 00:00:00+05:30,2.700000047683716,2.8399999141693115,2.5799999237060547,2.8399999141693115,2.8399999141693115,3726,0.0,0.0
2025-01-31 00:00:00+05:30,2.8399999141693115,2.9800000190734863,2.700000047683716,2.7200000286102295,2.7200000286102295,106757,0.0,0.0
2025-02-03 00:00:00+05:30,2.9100000858306885,2.9100000858306885,2.7200000286102295,2.7200000286102295,2.7200000286102295,14847,0.0,0.0
2025-02-04 00:00:00+05:30,2.8499999046325684,2.8499999046325684,2.5899999141693115,2.8399999141693115,2.8399999141693115,8804,0.0,0.0
2025-02-05 00:00:00+05:30,2.9000000953674316,2.950000047683716,2.7100000381469727,2.950000047683716,2.950000047683716,5807,0.0,0.0
2025-02-06 00:00:00+05:30,3.009999990463257,3.009999990463257,2.809999942779541,2.8399999141693115,2.8399999141693115,14583,0.0,0.0
2025-02-07 00:00:00+05:30,2.809999942779541,2.9800000190734863,2.799999952316284,2.9700000286102295,2.9700000286102295,47625,0.0,0.0
2025-02-10 00:00:00+05:30,3.109999895095825,3.109999895095825,2.9800000190734863,3.0999999046325684,3.0999999046325684,11912,0.0,0.0
2025-02-11 00:00:00+05:30,3.1600000858306885,3.240000009536743,3.109999895095825,3.2100000381469727,3.2100000381469727,25082,0.0,0.0
2025-02-12 00:00:00+05:30,3.2100000381469727,3.2100000381469727,3.049999952316284,3.049999952316284,3.049999952316284,15903,0.0,0.0
2025-02-13 00:00:00+05:30,3.200000047683716,3.200000047683716,2.9000000953674316,3.0,3.0,9878,0.0,0.0
2025-02-14 00:00:00+05:30,3.1500000953674316,3.1500000953674316,2.8499999046325684,3.0,3.0,5689,0.0,0.0
2025-02-17 00:00:00+05:30,2.8499999046325684,2.8499999046325684,2.8499999046325684,2.8499999046325684,2.8499999046325684,7708,0.0,0.0
2025-02-18 00:00:00+05:30,2.8499999046325684,2.8499999046325684,2.7100000381469727,2.7100000381469727,2.7100000381469727,751,0.0,0.0
2025-02-19 00:00:00+05:30,2.5799999237060547,2.8399999141693115,2.5799999237060547,2.5799999237060547,2.5799999237060547,15873,0.0,0.0
2025-02-20 00:00:00+05:30,2.5799999237060547,2.700000047683716,2.4600000381469727,2.4700000286102295,2.4700000286102295,9469,0.0,0.0
2025-02-21 00:00:00+05:30,2.5899999141693115,2.5899999141693115,2.3499999046325684,2.569999933242798,2.569999933242798,57780,0.0,0.0
2025-02-24 00:00:00+05:30,2.619999885559082,2.690000057220459,2.569999933242798,2.569999933242798,2.569999933242798,15980,0.0,0.0
2025-02-25 00:00:00+05:30,2.569999933242798,2.569999933242798,2.569999933242798,2.569999933242798,2.569999933242798,4399,0.0,0.0
2025-02-27 00:00:00+05:30,2.569999933242798,2.569999933242798,2.450000047683716,2.450000047683716,2.450000047683716,46513,0.0,0.0
2025-02-28 00:00:00+05:30,2.5,2.549999952316284,2.3299999237060547,2.3299999237060547,2.3299999237060547,53632,0.0,0.0
2025-03-03 00:00:00+05:30,2.3299999237060547,2.440000057220459,2.2200000286102295,2.299999952316284,2.299999952316284,76485,0.0,0.0
2025-03-04 00:00:00+05:30,2.309999942779541,2.4100000858306885,2.2100000381469727,2.4100000858306885,2.4100000858306885,249378,0.0,0.0
2025-03-05 00:00:00+05:30,2.4600000381469727,2.5299999713897705,2.2899999618530273,2.4100000858306885,2.4100000858306885,61510,0.0,0.0
2025-03-06 00:00:00+05:30,2.4100000858306885,2.5299999713897705,2.2899999618530273,2.5299999713897705,2.5299999713897705,20830,0.0,0.0
2025-03-07 00:00:00+05:30,2.5299999713897705,2.5299999713897705,2.5,2.5,2.5,8080,0.0,0.0
2025-03-10 00:00:00+05:30,2.5,2.5,2.4200000762939453,2.4200000762939453,2.4200000762939453,440,0.0,0.0
2025-03-11 00:00:00+05:30,2.5,2.5399999618530273,2.299999952316284,2.5399999618530273,2.5399999618530273,42939,0.0,0.0
2025-03-12 00:00:00+05:30,2.5899999141693115,2.6600000858306885,2.4200000762939453,2.4200000762939453,2.4200000762939453,18153,0.0,0.0
2025-03-13 00:00:00+05:30,2.369999885559082,2.5399999618530273,2.299999952316284,2.299999952316284,2.299999952316284,13198,0.0,0.0
2025-03-17 00:00:00+05:30,2.3499999046325684,2.4000000953674316,2.190000057220459,2.190000057220459,2.190000057220459,15011,0.0,0.0
2025-03-18 00:00:00+05:30,2.190000057220459,2.2899999618530273,2.0999999046325684,2.2899999618530273,2.2899999618530273,21982,0.0,0.0
2025-03-19 00:00:00+05:30,2.390000104904175,2.4000000953674316,2.180000066757202,2.380000114440918,2.380000114440918,1126,0.0,0.0
2025-03-20 00:00:00+05:30,2.380000114440918,2.4600000381469727,2.299999952316284,2.4600000381469727,2.4600000381469727,281,0.0,0.0
2025-03-21 00:00:00+05:30,2.3399999141693115,2.3399999141693115,2.3399999141693115,2.3399999141693115,2.3399999141693115,6545,0.0,0.0
2025-03-24 00:00:00+05:30,2.2300000190734863,2.2300000190734863,2.2300000190734863,2.2300000190734863,2.2300000190734863,11208,0.0,0.0
2025-03-25 00:00:00+05:30,2.119999885559082,2.299999952316284,2.119999885559082,2.2300000190734863,2.2300000190734863,71146,0.0,0.0
2025-03-26 00:00:00+05:30,2.2300000190734863,2.2300000190734863,2.2300000190734863,2.2300000190734863,2.2300000190734863,5072,0.0,0.0
2025-03-27 00:00:00+05:30,2.2300000190734863,2.299999952316284,2.2200000286102295,2.2300000190734863,2.2300000190734863,101304,0.0,0.0
2025-03-28 00:00:00+05:30,2.25,2.319999933242798,2.119999885559082,2.119999885559082,2.119999885559082,41702,0.0,0.0
